{"cameraMode":{"drawMode":0,"name":"Shaded","section":"Shading Mode"},"sceneLighting":false,"audioPlay":false,"sceneViewState":{"showFog":true,"showMaterialUpdate":false,"showSkybox":false,"showFlares":true,"showImageEffects":true,"showParticleSystems":true,"showVisualEffectGraphs":true,"m_FxEnabled":true},"in2DMode":false,"pivot":{"x":-60.003257751464847,"y":-0.000001430511474609375,"z":60.00326156616211},"rotation":{"x":0.025495393201708795,"y":0.011995824985206128,"z":-0.00030593943665735424,"w":0.9996031522750855},"size":86.63719177246094,"orthographic":true}