{"cameraMode":{"drawMode":0,"name":"Shaded","section":"Shading Mode"},"sceneLighting":false,"audioPlay":false,"sceneViewState":{"showFog":true,"showMaterialUpdate":false,"showSkybox":false,"showFlares":true,"showImageEffects":true,"showParticleSystems":true,"showVisualEffectGraphs":true,"m_FxEnabled":true},"in2DMode":false,"pivot":{"x":-60.003135681152347,"y":-0.000001430511474609375,"z":60.003135681152347},"rotation":{"x":0.5367114543914795,"y":0.1044369637966156,"z":-0.06718461215496063,"w":0.8345907330513},"size":86.63701629638672,"orthographic":true}