{"cameraMode":{"drawMode":0,"name":"Shaded","section":"Shading Mode"},"sceneLighting":true,"audioPlay":false,"sceneViewState":{"showFog":true,"showMaterialUpdate":false,"showSkybox":true,"showFlares":true,"showImageEffects":true,"showParticleSystems":true,"showVisualEffectGraphs":true,"m_FxEnabled":true},"in2DMode":false,"pivot":{"x":3.1093544960021974,"y":8.346471786499024,"z":93.88818359375},"rotation":{"x":-0.0011467739241197706,"y":-0.9941433072090149,"z":0.10778626054525376,"w":-0.010744220577180386},"size":1.8808300495147706,"orthographic":true}