{"cameraMode":{"drawMode":0,"name":"Shaded","section":"Shading Mode"},"sceneLighting":true,"audioPlay":false,"sceneViewState":{"showFog":true,"showMaterialUpdate":false,"showSkybox":true,"showFlares":true,"showImageEffects":true,"showParticleSystems":true,"showVisualEffectGraphs":true,"m_FxEnabled":true},"in2DMode":false,"pivot":{"x":16.681415557861329,"y":12.388359069824219,"z":-13.796610832214356},"rotation":{"x":0.40595272183418276,"y":-0.21071431040763856,"z":0.09676563739776612,"w":0.8839924931526184},"size":23.20269775390625,"orthographic":true}