{"cameraMode":{"drawMode":0,"name":"Shaded","section":"Shading Mode"},"sceneLighting":true,"audioPlay":false,"sceneViewState":{"showFog":true,"showMaterialUpdate":false,"showSkybox":true,"showFlares":true,"showImageEffects":true,"showParticleSystems":true,"showVisualEffectGraphs":true,"m_FxEnabled":true},"in2DMode":false,"pivot":{"x":158.60031127929688,"y":0.7291941046714783,"z":106.74562072753906},"rotation":{"x":-0.5009586215019226,"y":0.18400868773460389,"z":-0.10993939638137818,"w":-0.8385801315307617},"size":72.70771789550781,"orthographic":true}